t_h, Q_in_kW, Q_removed_kW, T_plate_C
0.000000000000000000e+00,2.616000000000000014e+01,2.615999999999998593e+01,2.493804232636520339e+02
2.500000000000000000e-01,2.616064066262713084e+01,2.615999999999998593e+01,2.493804232636520339e+02
5.000000000000000000e-01,2.616256259561736996e+01,2.616006458274360824e+01,2.493807388935131257e+02
7.500000000000000000e-01,2.616576563430195890e+01,2.616031639880717563e+01,2.493819695684782687e+02
1.000000000000000000e+00,2.617024950424864116e+01,2.616086572275587585e+01,2.493846541974379534e+02
1.250000000000000000e+00,2.617601382128518495e+01,2.616181169561859932e+01,2.493892772260390984e+02
1.500000000000000000e+00,2.618305809153228481e+01,2.616324344367133747e+01,2.493962740676859653e+02
1.750000000000000000e+00,2.619138171144587801e+01,2.616524108528574288e+01,2.494060359833756593e+02
2.000000000000000000e+00,2.620098396786887918e+01,2.616787663660883823e+01,2.494189144655188670e+02
2.250000000000000000e+00,2.621186403809224075e+01,2.617121482590230030e+01,2.494352251755925067e+02
2.500000000000000000e+00,2.622402098992547792e+01,2.617531382549333330e+01,2.494552514806288457e+02
2.750000000000000000e+00,2.623745378177652299e+01,2.618022590947193606e+01,2.494792476291351306e+02
3.000000000000000000e+00,2.625216126274096240e+01,2.618599804451343616e+01,2.495074416030305429e+02
3.250000000000000000e+00,2.626814217270065654e+01,2.619267242050942812e+01,2.495400376785514709e+02
3.500000000000000000e+00,2.628539514243170672e+01,2.620028692705070128e+01,2.495772187257839505e+02
3.750000000000000000e+00,2.630391869372174440e+01,2.620887558122108985e+01,2.496191482735044360e+02
4.000000000000000000e+00,2.632371123949661751e+01,2.621846891162816462e+01,2.496659723633206625e+02
4.250000000000000000e+00,2.634477108395633493e+01,2.622909430295124622e+01,2.497178212146779401e+02
4.500000000000000000e+00,2.636709642272039389e+01,2.624077630599455091e+01,2.497748107201867924e+02
4.750000000000000000e+00,2.639068534298234070e+01,2.625353691431012848e+01,2.498370437882707620e+02
5.000000000000000000e+00,2.641553582367369302e+01,2.626739581410259206e+01,2.499046115496091431e+02
5.250000000000000000e+00,2.644164573563707776e+01,2.628237060765366095e+01,2.499775944405417647e+02
5.500000000000000000e+00,2.646901284180866298e+01,2.629847701398361082e+01,2.500560631764865605e+02
5.750000000000000000e+00,2.649763479740983030e+01,2.631572904891360665e+01,2.501400796265887152e+02
6.000000000000000000e+00,2.652750915014806310e+01,2.633413918664136233e+01,2.502296975997544735e+02
6.250000000000000000e+00,2.655863334042706825e+01,2.635371850456705545e+01,2.503249635511818951e+02
6.500000000000000000e+00,2.659100470156606733e+01,2.637447681410021261e+01,2.504259172176447805e+02
6.750000000000000000e+00,2.662462046002827876e+01,2.639642277624338362e+01,2.505325921884412992e+02
7.000000000000000000e+00,2.665947773565855528e+01,2.641956400707789143e+01,2.506450164195114212e+02
7.250000000000000000e+00,2.669557354193014476e+01,2.644390717223898335e+01,2.507632126957026912e+02
7.500000000000000000e+00,2.673290478620057797e+01,2.646945806935096002e+01,2.508871990466132900e+02
7.750000000000000000e+00,2.677146826997663709e+01,2.649622170665821841e+01,2.510169891219485123e+02
8.000000000000000000e+00,2.681126068918840133e+01,2.652420236771584783e+01,2.511525925282693947e+02
8.250000000000000000e+00,2.685227863447233432e+01,2.655340367610170560e+01,2.512940151340056332e+02
8.500000000000000000e+00,2.689451859146340240e+01,2.658382864610615215e+01,2.514412593427269087e+02
8.750000000000000000e+00,2.693797694109616359e+01,2.661547973432898218e+01,2.515943243415852351e+02
9.000000000000000000e+00,2.698264995991485549e+01,2.664835888291344190e+01,2.517532063244858023e+02
9.250000000000000000e+00,2.702853382039241836e+01,2.668246755980251450e+01,2.519178986941108747e+02
9.500000000000000000e+00,2.707562459125842835e+01,2.671780679313606299e+01,2.520883922442680500e+02
9.750000000000000000e+00,2.712391823783592670e+01,2.675437720379397533e+01,2.522646753254540499e+02
1.000000000000000000e+01,2.717341062238709881e+01,2.679217903379018750e+01,2.524467339945516073e+02
1.025000000000000000e+01,2.722409750446779952e+01,2.683121217165547279e+01,2.526345521507080605e+02
1.050000000000000000e+01,2.727597454129086074e+01,2.687147617590180460e+01,2.528281116588833868e+02
1.075000000000000000e+01,2.732903728809818134e+01,2.691297029654674944e+01,2.530273924620174455e+02
1.100000000000000000e+01,2.738328119854154608e+01,2.695569349085885946e+01,2.532323726827760595e+02
1.125000000000000000e+01,2.743870162507215937e+01,2.699964444225447480e+01,2.534430287177276568e+02
1.150000000000000000e+01,2.749529381933881922e+01,2.704482157513995588e+01,2.536593353224021428e+02
1.175000000000000000e+01,2.755305293259477040e+01,2.709122306661032908e+01,2.538812656892336861e+02
1.200000000000000000e+01,2.761197401611314106e+01,2.713884686272533031e+01,2.541087915199404677e+02
1.225000000000000000e+01,2.767205202161092359e+01,2.718769068304517944e+01,2.543418830900905050e+02
1.250000000000000000e+01,2.773328180168152102e+01,2.723775203402772149e+01,2.545805093116418050e+02
1.275000000000000000e+01,2.779565811023576316e+01,2.728902821860466688e+01,2.548246377890953625e+02
1.300000000000000000e+01,2.785917560295138884e+01,2.734151634638285699e+01,2.550742348711474961e+02
1.325000000000000000e+01,2.792382883773093738e+01,2.739491783744006170e+01,2.553292656975379487e+02
1.350000000000000000e+01,2.798961227516802808e+01,2.744985363194149386e+01,2.555898398257498911e+02
1.375000000000000000e+01,2.805652027902195300e+01,2.750598697631314238e+01,2.558557581708519137e+02
1.400000000000000000e+01,2.812454711670060803e+01,2.756331596290540631e+01,2.561269847767006809e+02
1.425000000000000000e+01,2.819368695975161998e+01,2.762183709748434879e+01,2.564034818027506617e+02
1.450000000000000000e+01,2.826393388436175869e+01,2.768154669159116921e+01,2.566852102584766158e+02
1.475000000000000000e+01,2.833528187186444924e+01,2.774244086952948507e+01,2.569721300520799332e+02
1.500000000000000000e+01,2.840772480925546617e+01,2.780451558001579215e+01,2.572642000360030465e+02
1.525000000000000000e+01,2.848125648971667800e+01,2.786776659133121115e+01,2.575613780469577705e+02
1.550000000000000000e+01,2.855587061314783881e+01,2.793218950526591726e+01,2.578636209486003850e+02
1.575000000000000000e+01,2.863156078670637683e+01,2.799777975783324635e+01,2.581708846675988980e+02
1.600000000000000000e+01,2.870832052535511991e+01,2.806453262110965596e+01,2.584831242296141340e+02
1.625000000000000000e+01,2.878614325241793281e+01,2.813244321532898340e+01,2.588002937946447446e+02
1.650000000000000000e+01,2.886502230014318826e+01,2.820150649682809885e+01,2.591223466866868534e+02
1.675000000000000000e+01,2.894495091027506106e+01,2.827171844424226421e+01,2.594492354296106669e+02
1.700000000000000000e+01,2.902592223463256360e+01,2.834307110922853568e+01,2.597809111989253097e+02
1.725000000000000000e+01,2.910792933569628360e+01,2.841556049545630813e+01,2.601173257121474762e+02
1.750000000000000000e+01,2.919096518720279221e+01,2.848918096442775294e+01,2.604584292377830366e+02
1.775000000000000000e+01,2.927502267474663000e+01,2.856392782564351052e+01,2.608041713606390886e+02
1.800000000000000000e+01,2.936009459638988872e+01,2.863979234432697041e+01,2.611545004713574372e+02
1.825000000000000000e+01,2.944617366327921815e+01,2.871676962514107245e+01,2.615093657157504481e+02
1.850000000000000000e+01,2.953325250027038251e+01,2.879485578097256138e+01,2.618687150604371254e+02
1.875000000000000000e+01,2.962132364656009642e+01,2.887404319586622492e+01,2.622324947536175728e+02
1.900000000000000000e+01,2.971037955632530370e+01,2.895432435987180497e+01,2.626006511199292959e+02
1.925000000000000000e+01,2.980041259936966469e+01,2.903569340691064937e+01,2.629731304663366132e+02
1.950000000000000000e+01,2.989141506177731245e+01,2.911814363338467260e+01,2.633498782306908197e+02
1.975000000000000000e+01,2.998337914657377468e+01,2.920166952152919038e+01,2.637308393530985313e+02
2.000000000000000000e+01,3.007629697439400118e+01,2.928626161196764954e+01,2.641159576507872657e+02
2.025000000000000000e+01,3.017016058415745405e+01,2.937191403303175719e+01,2.645051777193954763e+02
2.050000000000000000e+01,3.026496193375021804e+01,2.945861958681874881e+01,2.648984431251884644e+02
2.075000000000000000e+01,3.036069290071403159e+01,2.954637095440186556e+01,2.652956970185211389e+02
2.100000000000000000e+01,3.045734528294219601e+01,2.963516069516046159e+01,2.656968821538793577e+02
2.125000000000000000e+01,3.055491079938234122e+01,2.972498125144496228e+01,2.661019409105940099e+02
2.150000000000000000e+01,3.065338109074592410e+01,2.981582494852769827e+01,2.665108153116032099e+02
2.175000000000000000e+01,3.075274772022444125e+01,2.990768398487562152e+01,2.669234470425882932e+02
2.200000000000000000e+01,3.085300217421229618e+01,3.000055031981749565e+01,2.673397774762547101e+02
2.225000000000000000e+01,3.095413586303621400e+01,3.009441767391268385e+01,2.677597477523113980e+02
2.250000000000000000e+01,3.105614012169121807e+01,3.018927478739096060e+01,2.681832978723043652e+02
2.275000000000000000e+01,3.115900621058300501e+01,3.028511493546240985e+01,2.686103691161208076e+02
2.300000000000000000e+01,3.126272531627677864e+01,3.038192975802190787e+01,2.690409017710312582e+02
2.325000000000000000e+01,3.136728855225233659e+01,3.047971078546679280e+01,2.694748359009680030e+02
2.350000000000000000e+01,3.147268695966549501e+01,3.057844943991216624e+01,2.699121113644642378e+02
2.375000000000000000e+01,3.157891150811563818e+01,3.067813703641548173e+01,2.703526678323689794e+02
2.400000000000000000e+01,3.168595309641943913e+01,3.077876478421207196e+01,2.707964448053375008e+02
2.425000000000000000e+01,3.179380255339065542e+01,3.088032378769026209e+01,2.712433816310935981e+02
2.450000000000000000e+01,3.190245063862588637e+01,3.098280504876018782e+01,2.716934175215961318e+02
2.475000000000000000e+01,3.201188804329628113e+01,3.108619946642092557e+01,2.721464915694253932e+02
2.500000000000000000e+01,3.212210539094510864e+01,3.119049783920833008e+01,2.726025427647728065e+02
2.525000000000000000e+01,3.223309323829112572e+01,3.129569086619299156e+01,2.730615100116176563e+02
2.550000000000000000e+01,3.234484207603766492e+01,3.140176914829011068e+01,2.735233321438080338e+02
2.575000000000000000e+01,3.245734232968736421e+01,3.150872318915617498e+01,2.739879479408947986e+02
2.600000000000000000e+01,3.257058436036253113e+01,3.161654339826583637e+01,2.744552961439254091e+02
2.625000000000000000e+01,3.268455846563093559e+01,3.172491958006660440e+01,2.749253154701260655e+02
2.650000000000000000e+01,3.279925488033715908e+01,3.183448135632347942e+01,2.753980926781377434e+02
2.675000000000000000e+01,3.291466377743922322e+01,3.194487575438375515e+01,2.758733995252321733e+02
2.700000000000000000e+01,3.303077526885057580e+01,3.205609326686744964e+01,2.763511768233391876e+02
2.725000000000000000e+01,3.314757940628728505e+01,3.216812425295705680e+01,2.768313651968291538e+02
2.750000000000000000e+01,3.326506618212038546e+01,3.228095893374696601e+01,2.773139051185954713e+02
2.775000000000000000e+01,3.338322553023333228e+01,3.239458869586818679e+01,2.777987369488484433e+02
2.800000000000000000e+01,3.350204732688445119e+01,3.250900087537248595e+01,2.782858003320853868e+02
2.825000000000000000e+01,3.362152139157432629e+01,3.262418672608852432e+01,2.787750361642658277e+02
2.850000000000000000e+01,3.374163748791804807e+01,3.274013600742772923e+01,2.792663846347109029e+02
2.875000000000000000e+01,3.386238532452225058e+01,3.285683837404375396e+01,2.797597859348128395e+02
2.900000000000000000e+01,3.398375455586688076e+01,3.297428337991250658e+01,2.802551802825443019e+02
2.925000000000000000e+01,3.410573478319157914e+01,3.309246048214692593e+01,2.807525079453925514e+02
2.950000000000000000e+01,3.422831555538662940e+01,3.321135904457418064e+01,2.812517092618504648e+02
2.975000000000000000e+01,3.435148636988840565e+01,3.333096834109957740e+01,2.817527246615844092e+02
3.000000000000000000e+01,3.447523667357920374e+01,3.345127755887950372e+01,2.822554946843858943e+02
3.025000000000000000e+01,3.459955586369142111e+01,3.357227580132294520e+01,2.827599599980035237e+02
3.050000000000000000e+01,3.472443328871602120e+01,3.369395209093882926e+01,2.832660614149412481e+02
3.075000000000000000e+01,3.484985824931509057e+01,3.381629537204578639e+01,2.837737399083019341e+02
3.100000000000000000e+01,3.497581999923858120e+01,3.393929451335749548e+01,2.842829366267451974e+02
3.125000000000000000e+01,3.510230774624501038e+01,3.406293831045717013e+01,2.847935929086232250e+02
3.150000000000000000e+01,3.522931065302616105e+01,3.418721548817168809e+01,2.853056502953510289e+02
3.175000000000000000e+01,3.535681783813555512e+01,3.431211470285596477e+01,2.858190505440629750e+02
3.200000000000000000e+01,3.548481837692082053e+01,3.443762454459625388e+01,2.863337356396008886e+02
3.225000000000000000e+01,3.561330130245966075e+01,3.456373353934066017e+01,2.868496478058761454e+02
3.250000000000000000e+01,3.574225560649951206e+01,3.469012995419996059e+01,2.873667295166434883e+02
3.275000000000000000e+01,3.587167024040068952e+01,3.481744620520800737e+01,2.878850714011317677e+02
3.300000000000000000e+01,3.600153411608302179e+01,3.494532172922421154e+01,2.884044470782482108e+02
3.325000000000000000e+01,3.613183610697591774e+01,3.507374539784028400e+01,2.889248023398347982e+02
3.350000000000000000e+01,3.626256504897160937e+01,3.520270596292571952e+01,2.894460829786389127e+02
3.375000000000000000e+01,3.639370974138169856e+01,3.533219206564947257e+01,2.899682348288027924e+02
3.400000000000000000e+01,3.652525894789684457e+01,3.546219224468573117e+01,2.904912038023793457e+02
3.425000000000000000e+01,3.665720139754944285e+01,3.559269494369124942e+01,2.910149359222785961e+02
3.450000000000000000e+01,3.678952578567931653e+01,3.572368851812981205e+01,2.915393773520040668e+02
3.475000000000000000e+01,3.692222077490230703e+01,3.585516124151298811e+01,2.920644744225031673e+02
3.500000000000000000e+01,3.705527499608160724e+01,3.598710131111889154e+01,2.925901736564201201e+02
3.525000000000000000e+01,3.718867704930188722e+01,3.611949685324354675e+01,2.931164217900097242e+02
3.550000000000000000e+01,3.732241550484602044e+01,3.625233592785816228e+01,2.936431657929443304e+02
3.575000000000000000e+01,3.745647890417433956e+01,3.638560653379565935e+01,2.941703528863072279e+02
3.600000000000000000e+01,3.759085576090642178e+01,3.651898913539650948e+01,2.946979305585133488e+02
3.625000000000000000e+01,3.772553456180521891e+01,3.665313698609156035e+01,2.952259980620216879e+02
3.650000000000000000e+01,3.786050376776348969e+01,3.678767391785876129e+01,2.957543271442954733e+02
3.675000000000000000e+01,3.799575181479245600e+01,3.692258844451524880e+01,2.962828691914544947e+02
3.700000000000000000e+01,3.813126711501259791e+01,3.705786895197971376e+01,2.968115755512866372e+02
3.725000000000000000e+01,3.826703805764648081e+01,3.719350371077966599e+01,2.973403975844883576e+02
3.750000000000000000e+01,3.840305301001356497e+01,3.732948088731399849e+01,2.978692867102326431e+02
3.775000000000000000e+01,3.853930031852684124e+01,3.746578855400712627e+01,2.983981944466783602e+02
3.800000000000000000e+01,3.867576830969136381e+01,3.760241469847431972e+01,2.989270724469678839e+02
3.825000000000000000e+01,3.881244529110434627e+01,3.773934723137235636e+01,2.994558725312016918e+02
3.850000000000000000e+01,3.894931955245700550e+01,3.787628036218475813e+01,2.999845467150375384e+02
3.875000000000000000e+01,3.908637936653785516e+01,3.801384586200990157e+01,3.005131918961524207e+02
3.900000000000000000e+01,3.922361299023749126e+01,3.815167401110041823e+01,3.010415879453303774e+02
3.925000000000000000e+01,3.936100866555472777e+01,3.828975334520118423e+01,3.015696910946908815e+02
3.950000000000000000e+01,3.949855462060400413e+01,3.842807224699528490e+01,3.020974574316360304e+02
3.975000000000000000e+01,3.963623907062397222e+01,3.856630826810546608e+01,3.026248429674179192e+02
4.000000000000000000e+01,3.977405021898722026e+01,3.870514271418979035e+01,3.031519567653159015e+02
4.025000000000000000e+01,3.991197625821099848e+01,3.884417075355827365e+01,3.036785664237435185e+02
4.050000000000000000e+01,4.005000537096882596e+01,3.898338291393145738e+01,3.042046331690405054e+02
4.075000000000000000e+01,4.018812573110304243e+01,3.912246982987768007e+01,3.047301170722320194e+02
4.100000000000000000e+01,4.032632550463800669e+01,3.926210306727642063e+01,3.052551247905116156e+02
4.125000000000000000e+01,4.046459285079406243e+01,3.940187523143048054e+01,3.057794262962215726e+02
4.150000000000000000e+01,4.060291592300199426e+01,3.954153168128379292e+01,3.063029864359215253e+02
4.175000000000000000e+01,4.074128286991805936e+01,3.968139121899318411e+01,3.068258896716861273e+02
4.200000000000000000e+01,4.087968183643938858e+01,3.982152906778963342e+01,3.073480575653146616e+02
4.225000000000000000e+01,4.101810096471971434e+01,3.996148799958754694e+01,3.078693687784569875e+02
4.250000000000000000e+01,4.115652839518532602e+01,4.010316335991615233e+01,3.083899213895679736e+02
4.275000000000000000e+01,4.129495226755120996e+01,4.024329503346586989e+01,3.089088738704263051e+02
4.300000000000000000e+01,4.143336072183718244e+01,4.038354716758659890e+01,3.094269849832578529e+02
4.325000000000000000e+01,4.157174189938408659e+01,4.052407818458668487e+01,3.099441877858720318e+02
4.350000000000000000e+01,4.171008394386977614e+01,4.066428756211539053e+01,3.104603314451879896e+02
4.375000000000000000e+01,4.184837500232499252e+01,4.080484593304068142e+01,3.109755551412596901e+02
4.400000000000000000e+01,4.198660322614890106e+01,4.094509694128355903e+01,3.114896618195912765e+02
4.425000000000000000e+01,4.212475677212424330e+01,4.108566717665942036e+01,3.120027719497583121e+02
4.450000000000000000e+01,4.226282380343205602e+01,4.122622814804616809e+01,3.125146914699109288e+02
4.475000000000000000e+01,4.240079249066586442e+01,4.136676756372129660e+01,3.130253823216079354e+02
4.500000000000000000e+01,4.253865101284517891e+01,4.150694653528370281e+01,3.135348066741735238e+02
4.525000000000000000e+01,4.267638755842830278e+01,4.164741992871214649e+01,3.140430878304835574e+02
4.550000000000000000e+01,4.281399032632433688e+01,4.178783301178426512e+01,3.145500206470143780e+02
4.575000000000000000e+01,4.295144752690430323e+01,4.192817362522683311e+01,3.150555689292348802e+02
4.600000000000000000e+01,4.308874738301122420e+01,4.206842957155878082e+01,3.155596966647234467e+02
4.625000000000000000e+01,4.322587813096920684e+01,4.220858862301314218e+01,3.160623680481359656e+02
4.650000000000000000e+01,4.336282802159132643e+01,4.234831464818833524e+01,3.165635475027682446e+02
4.675000000000000000e+01,4.349958532118628796e+01,4.248826860319493903e+01,3.170633592625698611e+02
4.700000000000000000e+01,4.363613831256371611e+01,4.262808555786895681e+01,3.175615961530709797e+02
4.725000000000000000e+01,4.377247529603814513e+01,4.276775366411063573e+01,3.180582250142626890e+02
4.750000000000000000e+01,4.390858459043137429e+01,4.290726101562211170e+01,3.185532127592541656e+02
4.775000000000000000e+01,4.404445453407331001e+01,4.304659565930055010e+01,3.190465264120624624e+02
4.800000000000000000e+01,4.418007348580111682e+01,4.318574560533481588e+01,3.195381331402822411e+02
4.825000000000000000e+01,4.431542982595664171e+01,4.332469883616403195e+01,3.200280002832738546e+02
4.850000000000000000e+01,4.445051195738194139e+01,4.346344331443689413e+01,3.205160953764290070e+02
4.875000000000000000e+01,4.458530830641294074e+01,4.360196699009502908e+01,3.210023861720057425e+02
4.900000000000000000e+01,4.471980732387100232e+01,4.373993006909739734e+01,3.214868406569632953e+02
4.925000000000000000e+01,4.485399748605252057e+01,4.387801016307891899e+01,3.219695885318929527e+02
4.950000000000000000e+01,4.498786729571617826e+01,4.401582867338400717e+01,3.224504199868823093e+02
4.975000000000000000e+01,4.512140528306808562e+01,4.415337417980395429e+01,3.229293060687812158e+02
5.000000000000000000e+01,4.525460000674442540e+01,4.429063519201079657e+01,3.234062178000107792e+02
5.025000000000000000e+01,4.538744005479179577e+01,4.442760016410615975e+01,3.238811262271148621e+02
5.050000000000000000e+01,4.551991404564495269e+01,4.456425750742329939e+01,3.243540024626269087e+02
5.075000000000000000e+01,4.565201062910195873e+01,4.470059560180250458e+01,3.248248177211112306e+02
5.100000000000000000e+01,4.578371848729663895e+01,4.483660280553223032e+01,3.252935433501299940e+02
5.125000000000000000e+01,4.591502633566833680e+01,4.497226746412468401e+01,3.257601508567915971e+02
5.150000000000000000e+01,4.604592292392869268e+01,4.510757791807326100e+01,3.262246119304532499e+02
5.175000000000000000e+01,4.617639703702561604e+01,4.524252250972136835e+01,3.266868984620783181e+02
5.200000000000000000e+01,4.630643749610412385e+01,4.537708958935567694e+01,3.271469825606843074e+02
5.225000000000000000e+01,4.643603315946415933e+01,4.551126752062229031e+01,3.276048365672626801e+02
5.250000000000000000e+01,4.656517292351520609e+01,4.564504468535251647e+01,3.280604330665017869e+02
5.275000000000000000e+01,4.669384572372760545e+01,4.577840948787340380e+01,3.285137448966028160e+02
5.300000000000000000e+01,4.682204053558055534e+01,4.591102227017577064e+01,3.289647451574409160e+02
5.325000000000000000e+01,4.694974637550670593e+01,4.604356818118446171e+01,3.294135688539842590e+02
5.350000000000000000e+01,4.707695230183318813e+01,4.617566141402636504e+01,3.298600080334687732e+02
5.375000000000000000e+01,4.720364741571906819e+01,4.630729129720572246e+01,3.303040394248114922e+02
5.400000000000000000e+01,4.732982086208920691e+01,4.643844708705599800e+01,3.307456396449252907e+02
5.425000000000000000e+01,4.745546183056423217e+01,4.656911798514840228e+01,3.311847852558362320e+02
5.450000000000000000e+01,4.758055955638683088e+01,4.669929315348202437e+01,3.316214528136828790e+02
5.475000000000000000e+01,4.770510332134399079e+01,4.682896172774769639e+01,3.320556189106880538e+02
5.500000000000000000e+01,4.782908245468537700e+01,4.695811282891943250e+01,3.324872602110505113e+02
5.525000000000000000e+01,4.795248633403758021e+01,4.708673557339498927e+01,3.329163534815784828e+02
5.550000000000000000e+01,4.807530438631418690e+01,4.721481908187700327e+01,3.333428756177775654e+02
5.575000000000000000e+01,4.819752608862172849e+01,4.734235248716252897e+01,3.337668036660117536e+02
5.600000000000000000e+01,4.831914096916119661e+01,4.746932494098595612e+01,3.341881148422730803e+02
5.625000000000000000e+01,4.844013860812533778e+01,4.759572562004081675e+01,3.346067865480241608e+02
5.650000000000000000e+01,4.856050863859135092e+01,4.772154373129133376e+01,3.350227963835162655e+02
5.675000000000000000e+01,4.868024074740911544e+01,4.784676851666723252e+01,3.354361221589300612e+02
5.700000000000000000e+01,4.879932467608485069e+01,4.797138925722529734e+01,3.358467419036413162e+02
5.725000000000000000e+01,4.891775022165998621e+01,4.809539527684847116e+01,3.362546338738715690e+02
5.750000000000000000e+01,4.903550723758539220e+01,4.821877594554521096e+01,3.366597765589493747e+02
5.775000000000000000e+01,4.915258563459069308e+01,4.834152068240156552e+01,3.370621486863767586e+02
5.800000000000000000e+01,4.926897538154872791e+01,4.846361895823376642e+01,3.374617292258696466e+02
5.825000000000000000e+01,4.938466650633498745e+01,4.858506029798084569e+01,3.378584973925172790e+02
5.850000000000000000e+01,4.949964909668199908e+01,4.870583428287186223e+01,3.382524326491864599e+02
5.875000000000000000e+01,4.961391330102863151e+01,4.882593055239849633e+01,3.386435147082787012e+02
5.900000000000000000e+01,4.972744932936413420e+01,4.894533880611868426e+01,3.390317235329342793e+02
5.925000000000000000e+01,4.984024745406695445e+01,4.906404880531367496e+01,3.394170393377634127e+02
5.950000000000000000e+01,4.995229801073817555e+01,4.918205037451806305e+01,3.397994425891741912e+02
5.975000000000000000e+01,5.006359139902954780e+01,4.929933340293969479e+01,3.401789140053575693e+02
6.000000000000000000e+01,5.017411808346605540e+01,4.941588784578367211e+01,3.405554345559806393e+02
6.025000000000000000e+01,5.028386859426285582e+01,4.953137089131418236e+01,3.409289854616327489e+02
6.050000000000000000e+01,5.039283352813670547e+01,4.964648534248154021e+01,3.412997121676749543e+02
6.075000000000000000e+01,5.050100354911155165e+01,4.976083445298203145e+01,3.416674092428212361e+02
6.100000000000000000e+01,5.060836938931849716e+01,4.987440949882390839e+01,3.420320621179690193e+02
6.125000000000000000e+01,5.071492184978979623e+01,4.998720167380933788e+01,3.423936559560684145e+02
6.150000000000000000e+01,5.082065180124705250e+01,5.009920211286306113e+01,3.427521757265667475e+02
6.175000000000000000e+01,5.092555018488338447e+01,5.021040191210837378e+01,3.431076062687487820e+02
6.200000000000000000e+01,5.102960801313955130e+01,5.032079214615143314e+01,3.434599323455710191e+02
6.225000000000000000e+01,5.113281637047407457e+01,5.043036388296926731e+01,3.438091386893635217e+02
6.250000000000000000e+01,5.123516641412701489e+01,5.053910819674271693e+01,3.441552100405760939e+02
6.275000000000000000e+01,5.133664937487765911e+01,5.064701617892629315e+01,3.444981311805786959e+02
6.300000000000000000e+01,5.143725655779586248e+01,5.075407894780674667e+01,3.448378869593811942e+02
6.325000000000000000e+01,5.153697934298699579e+01,5.086028765676611130e+01,3.451744623190143102e+02
6.350000000000000000e+01,5.163580918633046934e+01,5.096563350143450322e+01,3.455078423132067087e+02
6.375000000000000000e+01,5.173373762021184774e+01,5.107010772589173797e+01,3.458380121239018195e+02
6.400000000000000000e+01,5.183075625424827848e+01,5.117370162805404021e+01,3.461649570750802809e+02
6.425000000000000000e+01,5.192685677600740490e+01,5.127640656436319944e+01,3.464886626442857391e+02
6.450000000000000000e+01,5.202203095171955738e+01,5.137821395387769741e+01,3.468091144721948922e+02
6.475000000000000000e+01,5.211627062698319435e+01,5.147911528185214536e+01,3.471262983705225906e+02
6.500000000000000000e+01,5.220956772746360031e+01,5.157910210287880659e+01,3.474402003285113665e+02
6.525000000000000000e+01,5.230191425958463469e+01,5.167816604365324196e+01,3.477508065182170753e+02
6.550000000000000000e+01,5.239330231121366666e+01,5.177629880541906715e+01,3.480581032987731191e+02
6.575000000000000000e+01,5.248372405233941151e+01,5.187349216613689151e+01,3.483620772197876363e+02
6.600000000000000000e+01,5.257317173574285363e+01,5.196973798241742770e+01,3.486627150240059336e+02
6.625000000000000000e+01,5.266163769766099279e+01,5.206502819125249459e+01,3.489600036493511084e+02
6.650000000000000000e+01,5.274911435844347096e+01,5.215935481157227116e+01,3.492539302304391526e+02
6.675000000000000000e+01,5.283559422320198706e+01,5.225270994565340033e+01,3.495444820996498834e+02
6.700000000000000000e+01,5.292106988245243571e+01,5.234508578039942961e+01,3.498316467878245248e+02
6.725000000000000000e+01,5.300553401274976295e+01,5.243647600352324645e+01,3.501154120246486059e+02
6.750000000000000000e+01,5.308897937731541106e+01,5.252686986281830173e+01,3.503957650416489287e+02
6.775000000000000000e+01,5.317139882665737360e+01,5.261626160611647407e+01,3.506726948022687225e+02
6.800000000000000000e+01,5.325278529918275439e+01,5.270464369556187023e+01,3.509461895815433081e+02
6.825000000000000000e+01,5.333313182180277323e+01,5.279200875182960573e+01,3.512162378891445087e+02
6.850000000000000000e+01,5.341243151053024008e+01,5.287834948820580649e+01,3.514828284348810712e+02
6.875000000000000000e+01,5.349067757106934096e+01,5.296365870598857128e+01,3.517459501269697739e+02
6.900000000000000000e+01,5.356786329939777858e+01,5.304792930459127831e+01,3.520055920728626120e+02
6.925000000000000000e+01,5.364398208234117504e+01,5.313115427266138369e+01,3.522617435753837185e+02
6.950000000000000000e+01,5.371902739813964445e+01,5.321332669380366553e+01,3.525143941335242062e+02
6.975000000000000000e+01,5.379299281700660629e+01,5.329443974509280935e+01,3.527635334406969605e+02
7.000000000000000000e+01,5.386587200167967637e+01,5.337448670061620959e+01,3.530091513839990967e+02
7.025000000000000000e+01,5.393765870796360673e+01,5.345346092735304921e+01,3.532512380420008071e+02
7.050000000000000000e+01,5.400834678526530297e+01,5.353135588895005981e+01,3.534897836848317638e+02
7.075000000000000000e+01,5.407793017712079120e+01,5.360816514538490907e+01,3.537247787726707884e+02
7.100000000000000000e+01,5.414640292171415581e+01,5.368388235346809978e+01,3.539562139546611661e+02
7.125000000000000000e+01,5.421375915238829180e+01,5.375850126733310930e+01,3.541840800678343157e+02
7.150000000000000000e+01,5.427999309814758533e+01,5.383201573846162091e+01,3.544083681360435776e+02
7.175000000000000000e+01,5.434509908415236623e+01,5.390441971803803511e+01,3.546290693691331626e+02
7.200000000000000000e+01,5.440907153220508974e+01,5.397570725445815043e+01,3.548461751611909563e+02
7.225000000000000000e+01,5.447190496122831149e+01,5.404587249583136810e+01,3.550596770902678827e+02
7.250000000000000000e+01,5.453359398773427813e+01,5.411490968987929051e+01,3.552695669171002351e+02
7.275000000000000000e+01,5.459413332628616899e+01,5.418281318436415717e+01,3.554758365841133809e+02
7.300000000000000000e+01,5.465351778995096765e+01,5.424957742750733303e+01,3.556784782144413271e+02
7.325000000000000000e+01,5.471174229074384243e+01,5.431519696839926326e+01,3.558774841109635645e+02
7.350000000000000000e+01,5.476880184006412122e+01,5.437966645739971483e+01,3.560728467553586256e+02
7.375000000000000000e+01,5.482469154912264742e+01,5.444298064652947744e+01,3.562645588071753195e+02
7.400000000000000000e+01,5.487940662936071590e+01,5.450513438985314707e+01,3.564526131029217026e+02
7.425000000000000000e+01,5.493294239286029779e+01,5.456612264385297806e+01,3.566370026551715000e+02
7.450000000000000000e+01,5.498529425274570315e+01,5.462594046779369705e+01,3.568177206516887736e+02
7.475000000000000000e+01,5.503645772357660348e+01,5.468458302407930205e+01,3.569947604545706099e+02
7.500000000000000000e+01,5.508642842173232879e+01,5.474204557860050357e+01,3.571681155994076562e+02
7.525000000000000000e+01,5.513520206578742489e+01,5.479832350078726222e+01,3.573377797944629037e+02
7.550000000000000000e+01,5.518277447687850668e+01,5.485341226513139645e+01,3.575037469200094051e+02
7.575000000000000000e+01,5.522914157906231480e+01,5.490730744964317722e+01,3.576660110270988184e+02
7.600000000000000000e+01,5.527429939966487638e+01,5.496000473746494919e+01,3.578245663372665604e+02
7.625000000000000000e+01,5.531824406962192597e+01,5.501149991683389828e+01,3.579794072416141262e+02
7.650000000000000000e+01,5.536097182381042359e+01,5.506178888137790040e+01,3.581305283000774580e+02
7.675000000000000000e+01,5.540247900137108417e+01,5.511086763040221115e+01,3.582779242407127640e+02
7.700000000000000000e+01,5.544276204602206093e+01,5.515873226916799155e+01,3.584215899590001868e+02
7.725000000000000000e+01,5.548181750636366871e+01,5.520537900916165341e+01,3.585615205171645812e+02
7.750000000000000000e+01,5.551964203617407634e+01,5.525080416835570674e+01,3.586977111435138568e+02
7.775000000000000000e+01,5.555623239469596797e+01,5.529500417146078917e+01,3.588301572317944874e+02
7.800000000000000000e+01,5.559158544691429427e+01,5.533797555016879954e+01,3.589588543405640735e+02
7.825000000000000000e+01,5.562569816382478649e+01,5.537971494338756173e+01,3.590837981925808435e+02
7.850000000000000000e+01,5.565856762269353197e+01,5.542021909746600272e+01,3.592049846742099817e+02
7.875000000000000000e+01,5.569019100730738359e+01,5.545948486641134423e+01,3.593224098348468374e+02
7.900000000000000000e+01,5.572056560821522453e+01,5.549750921209682986e+01,3.594360698863565631e+02
7.925000000000000000e+01,5.574968882296013817e+01,5.553428920446054207e+01,3.595459612025301226e+02
7.950000000000000000e+01,5.577755815630236214e+01,5.556982202169577079e+01,3.596520803185568980e+02
7.975000000000000000e+01,5.580417122043311196e+01,5.560410495043208101e+01,3.597544239305132692e+02
8.000000000000000000e+01,5.582952573517910366e+01,5.563713538590734231e+01,3.598529888948673374e+02
8.025000000000000000e+01,5.585361952819799569e+01,5.566891083213123181e+01,3.599477722279995646e+02
8.050000000000000000e+01,5.587645053516442317e+01,5.569942890203939356e+01,3.600387711057394426e+02
8.075000000000000000e+01,5.589801679994695860e+01,5.572868731763853134e+01,3.601259828629175672e+02
8.100000000000000000e+01,5.591831647477562939e+01,5.575668391014281866e+01,3.602094049929334574e+02
8.125000000000000000e+01,5.593734782040029074e+01,5.578341662010101487e+01,3.602890351473388364e+02
8.150000000000000000e+01,5.595510920623961226e+01,5.580888349751440103e+01,3.603648711354361467e+02
8.175000000000000000e+01,5.597159911052079906e+01,5.583308270194604006e+01,3.604369109238925830e+02
8.200000000000000000e+01,5.598681612040996924e+01,5.585601250262059381e+01,3.605051526363689050e+02
8.225000000000000000e+01,5.600075893213317357e+01,5.587767127851499538e+01,3.605695945531633697e+02
8.250000000000000000e+01,5.601342635108817092e+01,5.589805751844043158e+01,3.606302351108707285e+02
8.275000000000000000e+01,5.602481729194671800e+01,5.591716982111458378e+01,3.606870729020557746e+02
8.300000000000000000e+01,5.603493077874759365e+01,5.593500689522527836e+01,3.607401066749417282e+02
8.325000000000000000e+01,5.604376594498017994e+01,5.595122270285354205e+01,3.607893353331130584e+02
8.350000000000000000e+01,5.605132203365874943e+01,5.596656274519305896e+01,3.608349278328451533e+02
8.375000000000000000e+01,5.605759839738730932e+01,5.598061496288474359e+01,3.608766854776807804e+02
8.400000000000000000e+01,5.606259449841503795e+01,5.599338005394519513e+01,3.609146122580298766e+02
8.425000000000000000e+01,5.606630990868240616e+01,5.600485857134371770e+01,3.609487115554872503e+02
8.450000000000000000e+01,5.606874430985780577e+01,5.601505096494825153e+01,3.609789862683324486e+02
8.475000000000000000e+01,5.606989749336487705e+01,5.602395761659013118e+01,3.610054389163826727e+02
8.500000000000000000e+01,5.603263585745420983e+01,5.603157886937104593e+01,3.610280717285838818e+02
8.525000000000000000e+01,5.597046598219078817e+01,5.603175422781933435e+01,3.610285924660012142e+02
8.550000000000000000e+01,5.590842549267721040e+01,5.602158687063553089e+01,3.609983981021753152e+02
8.575000000000000000e+01,5.584651411964043177e+01,5.600281728682213611e+01,3.609426478391017099e+02
8.600000000000000000e+01,5.578473159436778417e+01,5.597689882989217836e+01,3.608656432740563105e+02
8.625000000000000000e+01,5.572307764870585345e+01,5.594504424886542893e+01,3.607709698604949722e+02
8.650000000000000000e+01,5.566155201505928574e+01,5.590860894811409310e+01,3.606616154449185387e+02
8.675000000000000000e+01,5.560015442638965766e+01,5.586769031219201054e+01,3.605398999863365361e+02
8.700000000000000000e+01,5.553888461621427552e+01,5.582340229383834895e+01,3.604080953345708735e+02
8.725000000000000000e+01,5.547774231860505267e+01,5.577632868567078361e+01,3.602679244064430577e+02
8.750000000000000000e+01,5.541672726818732997e+01,5.572695575694183390e+01,3.601208223755695599e+02
8.775000000000000000e+01,5.535583920013874604e+01,5.567568848600344467e+01,3.599679847186494612e+02
8.800000000000000000e+01,5.529507785018807908e+01,5.562286411511897910e+01,3.598104072646400482e+02
8.825000000000000000e+01,5.523444295461410292e+01,5.556876346044403903e+01,3.596489195659965503e+02
8.850000000000000000e+01,5.517393425024442877e+01,5.551362034304967352e+01,3.594842126979183945e+02
8.875000000000000000e+01,5.511355147445436842e+01,5.545762944926422477e+01,3.593168624112921634e+02
8.900000000000000000e+01,5.505329436516580444e+01,5.540095287939973190e+01,3.591473484131456075e+02
8.925000000000000000e+01,5.499316266084606752e+01,5.534372560211534875e+01,3.589760704207949971e+02
8.950000000000000000e+01,5.493315610050674991e+01,5.528605999629516532e+01,3.588033615288369447e+02
8.975000000000000000e+01,5.487327442370262531e+01,5.522804963249301125e+01,3.586294993385306498e+02
9.000000000000000000e+01,5.481351737053048367e+01,5.516977242092082889e+01,3.584547152242072343e+02
9.025000000000000000e+01,5.475388468162801558e+01,5.511129323192466245e+01,3.582792020487854643e+02
9.050000000000000000e+01,5.469437609817270385e+01,5.505266607727779871e+01,3.581031205882792392e+02
9.075000000000000000e+01,5.463499136188066529e+01,5.499393592589532886e+01,3.579266048816650141e+02
9.100000000000000000e+01,5.457573021500556365e+01,5.493514021527550284e+01,3.577497666862160486e+02
9.125000000000000000e+01,5.451659240033745846e+01,5.487631010971194456e+01,3.575726991882069683e+02
9.150000000000000000e+01,5.445757766120171084e+01,5.481747154776711284e+01,3.573954800937447658e+02
9.175000000000000000e+01,5.439868574145788216e+01,5.475864611465384968e+01,3.572181742035496086e+02
9.200000000000000000e+01,5.433991638549858294e+01,5.469985176718840592e+01,3.570408355579460817e+02
9.225000000000000000e+01,5.428126933824838574e+01,5.464110344033337441e+01,3.568635092246974523e+02
9.250000000000000000e+01,5.422274434516272379e+01,5.458241354947396218e+01,3.566862327880187991e+02
9.275000000000000000e+01,5.416434115222678258e+01,5.452379241019284706e+01,3.565090375901376092e+02
9.300000000000000000e+01,5.410605950595438429e+01,5.446524858765601351e+01,3.563319497660468187e+02
9.325000000000000000e+01,5.404789915338690776e+01,5.440678918768456640e+01,3.561549911061283069e+02
9.350000000000000000e+01,5.398985984209218003e+01,5.434842009927634621e+01,3.559781797753757928e+02
9.375000000000000000e+01,5.393194132016336795e+01,5.429014619670046926e+01,3.558015309131365598e+02
9.400000000000000000e+01,5.387414333621790519e+01,5.423197150792594101e+01,3.556250571332877826e+02
9.425000000000000000e+01,5.381646563939641226e+01,5.417389935501104503e+01,3.554487689414347074e+02
9.450000000000000000e+01,5.375890797936155252e+01,5.411593247113665939e+01,3.552726750829431808e+02
9.475000000000000000e+01,5.370147010629702322e+01,5.405807309818248996e+01,3.550967828333143075e+02
9.500000000000000000e+01,5.364415177090639020e+01,5.400032306809239913e+01,3.549210982404863444e+02
9.525000000000000000e+01,5.358695272441208601e+01,5.394268387073039150e+01,3.547456263270503882e+02
9.550000000000000000e+01,5.352987271855424467e+01,5.388515671047888844e+01,3.545703712590356531e+02
9.575000000000000000e+01,5.347291150558972106e+01,5.382774255345344017e+01,3.543953364868102653e+02
9.600000000000000000e+01,5.341606883829091856e+01,5.377044216734632442e+01,3.542205248627208221e+02
9.625000000000000000e+01,5.335934446994480140e+01,5.371325615241327966e+01,3.540459387391019277e+02
9.650000000000000000e+01,5.330273815435175777e+01,5.365618497185368341e+01,3.538715800510191798e+02
9.675000000000000000e+01,5.324624964582454822e+01,5.359922897264829800e+01,3.536974503840446005e+02
9.700000000000000000e+01,5.318987869918728961e+01,5.354238840521342269e+01,3.535235510317654075e+02
9.725000000000000000e+01,5.313362506977432531e+01,5.348566343935836898e+01,3.533498830436095659e+02
9.750000000000000000e+01,5.307748851342917362e+01,5.342905417760982090e+01,3.531764472648092124e+02
9.775000000000000000e+01,5.302146878650350459e+01,5.337256066633963059e+01,3.530032443697990061e+02
9.800000000000000000e+01,5.296556564585605997e+01,5.331618290505883806e+01,3.528302748901317614e+02
9.825000000000000000e+01,5.290977884885158744e+01,5.325992085489851746e+01,3.526575392378148877e+02
9.850000000000000000e+01,5.285410815335980317e+01,5.320377444211175799e+01,3.524850377244678725e+02
9.875000000000000000e+01,5.279855331775434024e+01,5.314774356816469236e+01,3.523127705787542823e+02
9.900000000000000000e+01,5.274311410091169705e+01,5.309182811100609456e+01,3.521407379588413846e+02
9.925000000000000000e+01,5.268779026221018569e+01,5.303602792970976054e+01,3.519689399642342096e+02
9.950000000000000000e+01,5.263258156152887324e+01,5.298034286763846978e+01,3.517973766453216626e+02
9.975000000000000000e+01,5.257748775924659412e+01,5.292477275622227495e+01,3.516260480113633662e+02
1.000000000000000000e+02,5.252250861624086298e+01,5.286931741245469141e+01,3.514549540366147653e+02
1.002500000000000000e+02,5.246764389388682304e+01,5.281397664812170234e+01,3.512840946676851104e+02
1.005000000000000000e+02,5.241289335405625849e+01,5.275875026620046526e+01,3.511134698263481937e+02
1.007500000000000000e+02,5.235825675911653576e+01,5.270363806529332606e+01,3.509430794141267143e+02
1.010000000000000000e+02,5.230373387192956613e+01,5.264863983326697650e+01,3.507729233146918091e+02
1.012500000000000000e+02,5.224932445585079677e+01,5.259375536263318907e+01,3.506030013993957368e+02
1.015000000000000000e+02,5.219502827472814488e+01,5.253898443588521872e+01,3.504333135252265379e+02
1.017500000000000000e+02,5.214084509290103853e+01,5.248432683512773167e+01,3.502638595399864130e+02
1.020000000000000000e+02,5.208677467519932236e+01,5.242978243045680387e+01,3.500946392827253248e+02
1.022500000000000000e+02,5.203281678694227708e+01,5.237534933510347912e+01,3.499256525406325977e+02
1.025000000000000000e+02,5.197897119393758913e+01,5.232103058809276064e+01,3.497568999148180069e+02
1.027500000000000000e+02,5.192523766248035599e+01,5.226682423694429502e+01,3.495883803938028223e+02
1.030000000000000000e+02,5.187161595935203451e+01,5.221273006115008997e+01,3.494200938128830103e+02
1.032500000000000000e+02,5.181810585181946038e+01,5.215874783864601483e+01,3.492520400010924959e+02
1.035000000000000000e+02,5.176470710763381078e+01,5.210487734614056876e+01,3.490842187822090068e+02
1.037500000000000000e+02,5.171141949502961666e+01,5.205111835939050735e+01,3.489166299755973455e+02
1.040000000000000000e+02,5.165824278272376802e+01,5.199747065343090213e+01,3.487492733969163510e+02
1.042500000000000000e+02,5.160517673991446941e+01,5.194393400276878481e+01,3.485821488587122303e+02
1.045000000000000000e+02,5.155222113628026648e+01,5.189050818154449018e+01,3.484152561709156544e+02
1.047500000000000000e+02,5.149937574197905121e+01,5.183719296366708562e+01,3.482485951412591589e+02
1.050000000000000000e+02,5.144664032764705297e+01,5.178398812292771680e+01,3.480821655756273003e+02
1.052500000000000000e+02,5.139401466439782951e+01,5.173089343309460020e+01,3.479159672783501946e+02
1.055000000000000000e+02,5.134149852382132906e+01,5.167790866799234806e+01,3.477500000524502184e+02
1.057500000000000000e+02,5.128909167798280322e+01,5.162503360156843968e+01,3.475842636998487478e+02
1.060000000000000000e+02,5.123679389942191165e+01,5.157226800794882138e+01,3.474187580215398725e+02
1.062500000000000000e+02,5.118460496115168468e+01,5.151961166148432625e+01,3.472534828177361987e+02
1.065000000000000000e+02,5.113252463665754988e+01,5.146706433678977533e+01,3.470884378879912333e+02
1.067500000000000000e+02,5.108055269989636571e+01,5.141462580877594490e+01,3.469236230313020997e+02
1.070000000000000000e+02,5.102868892529538414e+01,5.136229585267720665e+01,3.467590380461959398e+02
1.072500000000000000e+02,5.097693308775134824e+01,5.131007424407358286e+01,3.465946827308022762e+02
1.075000000000000000e+02,5.092528496262947613e+01,5.125796075890995240e+01,3.464305568829140043e+02
1.077500000000000000e+02,5.087374432576245908e+01,5.120595517351134873e+01,3.462666603000383816e+02
1.080000000000000000e+02,5.082231095344953076e+01,5.115405726459611913e+01,3.461029927794401715e+02
1.082500000000000000e+02,5.077098462245551502e+01,5.110226680928663967e+01,3.459395541181776821e+02
1.085000000000000000e+02,5.071976511000976018e+01,5.105058358511806915e+01,3.457763441131330069e+02
1.087500000000000000e+02,5.066865219380531471e+01,5.099900737004577422e+01,3.456133625610376043e+02
1.090000000000000000e+02,5.061764565199781885e+01,5.094753794245119138e+01,3.454506092584936709e+02
1.092500000000000000e+02,5.056674526320462348e+01,5.089617508114670841e+01,3.452880840019922175e+02
1.095000000000000000e+02,5.051595080650385228e+01,5.084491856537979260e+01,3.451257865879280757e+02
1.097500000000000000e+02,5.046526206143335003e+01,5.079376817483586848e+01,3.449637168126128017e+02
1.100000000000000000e+02,5.041467880798981582e+01,5.074272368964086155e+01,3.448018744722850784e+02
1.102500000000000000e+02,5.036420082662779407e+01,5.069178489036339386e+01,3.446402593631200375e+02
1.105000000000000000e+02,5.031382789825873658e+01,5.064095155801601322e+01,3.444788712812365361e+02
1.107500000000000000e+02,5.026355980425007886e+01,5.059022347405632303e+01,3.443177100227036931e+02
1.110000000000000000e+02,5.021339632642424533e+01,5.053960042038798406e+01,3.441567753835461190e+02
1.112500000000000000e+02,5.016333724705773278e+01,5.048908217936094900e+01,3.439960671597485202e+02
1.115000000000000000e+02,5.011338234888013687e+01,5.043866853377180348e+01,3.438355851472592803e+02
1.117500000000000000e+02,5.006353141507326399e+01,5.038835926686405031e+01,3.436753291419939274e+02
1.120000000000000000e+02,5.001378422927011513e+01,5.033815416232765472e+01,3.435152989398374643e+02
1.122500000000000000e+02,4.996414057555402621e+01,5.028805300429924330e+01,3.433554943366468706e+02
1.125000000000000000e+02,4.991460023845766614e+01,5.023805557736143612e+01,3.431959151282528637e+02
1.127500000000000000e+02,4.986516300296213444e+01,5.018816166654264066e+01,3.430365611104616050e+02
1.130000000000000000e+02,4.981582865449600916e+01,5.013837105731642652e+01,3.428774320790558932e+02
1.132500000000000000e+02,4.976659697893444445e+01,5.008868353560105646e+01,3.427185278297964146e+02
1.135000000000000000e+02,4.971746776259821843e+01,5.003909888775863379e+01,3.425598481584225397e+02
1.137500000000000000e+02,4.966844079225280950e+01,4.998961690059478968e+01,3.424013928606533455e+02
1.140000000000000000e+02,4.961951585510745133e+01,4.994023736135769553e+01,3.422431617321880708e+02
1.142500000000000000e+02,4.957069273881427307e+01,4.989096005773738085e+01,3.420851545687068551e+02
1.145000000000000000e+02,4.952197123146730462e+01,4.984178477786500139e+01,3.419273711658710795e+02
1.147500000000000000e+02,4.947335112160158843e+01,4.979271131031198649e+01,3.417698113193238783e+02
1.150000000000000000e+02,4.942483219819226292e+01,4.974373944408932147e+01,3.416124748246904801e+02
1.152500000000000000e+02,4.937641425065366718e+01,4.969486896864659542e+01,3.414553614775784354e+02
1.155000000000000000e+02,4.932809706883836043e+01,4.964609967387119838e+01,3.412984710735778435e+02
1.157500000000000000e+02,4.927988044303628357e+01,4.959743135008758941e+01,3.411418034082618078e+02
1.160000000000000000e+02,4.923176416397381416e+01,4.954886378805621661e+01,3.409853582771862648e+02
1.162500000000000000e+02,4.918374802281286406e+01,4.950039677897284918e+01,3.408291354758904390e+02
1.165000000000000000e+02,4.913583181114995568e+01,4.945236025000759383e+01,3.406731347998968999e+02
1.167500000000000000e+02,4.908801532101534804e+01,4.940404170043373711e+01,3.405171933996154507e+02
1.170000000000000000e+02,4.904029834487212725e+01,4.935583108166363075e+01,3.403614993447297934e+02
1.172500000000000000e+02,4.899268067561527573e+01,4.930772695155092578e+01,3.402060484885998335e+02
1.175000000000000000e+02,4.894516210657081245e+01,4.925972805970032908e+01,3.400508372930429459e+02
1.177500000000000000e+02,4.889774243149487631e+01,4.921183331772342484e+01,3.398958627340778094e+02
1.180000000000000000e+02,4.885042144457281665e+01,4.916404177413585330e+01,3.397411222223219625e+02
1.182500000000000000e+02,4.880319894041835482e+01,4.911635259316792457e+01,3.395866135357556459e+02
1.185000000000000000e+02,4.875607471407261073e+01,4.906876503687641389e+01,3.394323347629248246e+02
1.187500000000000000e+02,4.870904856100328573e+01,4.902127845004200424e+01,3.392782842549563611e+02
1.190000000000000000e+02,4.866212027710373889e+01,4.897389224741630898e+01,3.391244605850133667e+02
1.192500000000000000e+02,4.861528965869210595e+01,4.892660590295197665e+01,3.389708625140327172e+02
1.195000000000000000e+02,4.856855650251043244e+01,4.887941894070625182e+01,3.388174889617685039e+02
1.197500000000000000e+02,4.852192060572374288e+01,4.883233092715722989e+01,3.386643389823160533e+02
1.200000000000000000e+02,4.847538176591923786e+01,4.878534146471218946e+01,3.385114117434213767e+02
1.202500000000000000e+02,4.842893978110534903e+01,4.873845018622282055e+01,3.383587065089880070e+02
1.205000000000000000e+02,4.838259444971087930e+01,4.869165675035039698e+01,3.382062226242859424e+02
1.207500000000000000e+02,4.833634557058415737e+01,4.864496083764863954e+01,3.380539595034432523e+02
1.210000000000000000e+02,4.829019294299211396e+01,4.859836214725296344e+01,3.379019166188672330e+02
1.212500000000000000e+02,4.824413636661945759e+01,4.855186039408143728e+01,3.377500934922960596e+02
1.215000000000000000e+02,4.819817564156778644e+01,4.850545530646864734e+01,3.375984896872292893e+02
1.217500000000000000e+02,4.815231056835471435e+01,4.845914662416483054e+01,3.374471048025232562e+02
1.220000000000000000e+02,4.810654094791301105e+01,4.841293409664354641e+01,3.372959384669720180e+02
1.222500000000000000e+02,4.806086658158973535e+01,4.836681748167106321e+01,3.371449903347216832e+02
1.225000000000000000e+02,4.801528727114536821e+01,4.832079654409523073e+01,3.369942600813888589e+02
1.227500000000000000e+02,4.796980281875298147e+01,4.827487105482159535e+01,3.368437474007756691e+02
1.230000000000000000e+02,4.792441302699735672e+01,4.822904078994680077e+01,3.366934520020885202e+02
1.232500000000000000e+02,4.787911769887409719e+01,4.818330553002508054e+01,3.365433736075834759e+02
1.235000000000000000e+02,4.783391663778883185e+01,4.813766505944771268e+01,3.363935119505726448e+02
1.237500000000000000e+02,4.778880964755633443e+01,4.809211916591755198e+01,3.362438667737357605e+02
1.240000000000000000e+02,4.774379653239967070e+01,4.804666764000411661e+01,3.360944378276902285e+02
1.242500000000000000e+02,4.769887709694933164e+01,4.800131027476687251e+01,3.359452248697800769e+02
1.245000000000000000e+02,4.765405114624242344e+01,4.795604686543640582e+01,3.357962276630499900e+02
1.247500000000000000e+02,4.760931848572181480e+01,4.791087720914393344e+01,3.356474459753758310e+02
1.250000000000000000e+02,4.756467892123524166e+01,4.786580110469238036e+01,3.354988795787283493e+02
1.252500000000000000e+02,4.752013225903452565e+01,4.782081835236235889e+01,3.353505282485490397e+02
1.255000000000000000e+02,4.747567830577472137e+01,4.777592875374782011e+01,3.352023917632211578e+02
1.257500000000000000e+02,4.743131686851325668e+01,4.773113211161628300e+01,3.350544699036213387e+02
1.260000000000000000e+02,4.738704775470908714e+01,4.768642822979084883e+01,3.349067624527397129e+02
1.262500000000000000e+02,4.734287077222190021e+01,4.764181691304968069e+01,3.347592691953576605e+02
1.265000000000000000e+02,4.729878572931124836e+01,4.759729796704096572e+01,3.346119899177746788e+02
1.267500000000000000e+02,4.725479243463572487e+01,4.755287119821064579e+01,3.344649244075768593e+02
1.270000000000000000e+02,4.721089069725215381e+01,4.750853641374082770e+01,3.343180724534403225e+02
1.272500000000000000e+02,4.716708032661473027e+01,4.746429342149784247e+01,3.341714338449647812e+02
1.275000000000000000e+02,4.712336113257418901e+01,4.742014202998780803e+01,3.340250083725322838e+02
1.277500000000000000e+02,4.707973292537703003e+01,4.737608204831881409e+01,3.338787958271872753e+02
1.280000000000000000e+02,4.703619551566464452e+01,4.733211328616904012e+01,3.337327960005350178e+02
1.282500000000000000e+02,4.699274871447251911e+01,4.728823555375910104e+01,3.335870086846554159e+02
1.285000000000000000e+02,4.694939233322939032e+01,4.724444866182892611e+01,3.334414336720297456e+02
1.287500000000000000e+02,4.690612618375645582e+01,4.720075242161769324e+01,3.332960707554786381e+02
1.290000000000000000e+02,4.686295007826653602e+01,4.715714664484711705e+01,3.331509197281094998e+02
1.292500000000000000e+02,4.681986382936327828e+01,4.711363114370650607e+01,3.330059803832716625e+02
1.295000000000000000e+02,4.677686725004032553e+01,4.707020573084046333e+01,3.328612525145185828e+02
1.297500000000000000e+02,4.673396015368050627e+01,4.702687021933822820e+01,3.327167359155757254e+02
1.300000000000000000e+02,4.669114235405504587e+01,4.698362442272441086e+01,3.325724303803131079e+02
1.302500000000000000e+02,4.664841366532272104e+01,4.694046815495099167e+01,3.324283357027222792e+02
1.305000000000000000e+02,4.660577390202909243e+01,4.689740123039059938e+01,3.322844516768967082e+02
1.307500000000000000e+02,4.656322287910568036e+01,4.685442346383043599e+01,3.321407780970150725e+02
1.310000000000000000e+02,4.652076041186916200e+01,4.681153467046715377e+01,3.319973147573270467e+02
1.312500000000000000e+02,4.647838631602055415e+01,4.676873466590244988e+01,3.318540614521415364e+02
1.315000000000000000e+02,4.643610040764444591e+01,4.672602326613886703e+01,3.317110179758163326e+02
1.317500000000000000e+02,4.639390250320819575e+01,4.668340028757648952e+01,3.315681841227496420e+02
1.320000000000000000e+02,4.635179241956109308e+01,4.664086554701001575e+01,3.314255596873728678e+02
1.322500000000000000e+02,4.630976997393362637e+01,4.659841886162571711e+01,3.312831444641442431e+02
1.325000000000000000e+02,4.626783498393663763e+01,4.655606004899919270e+01,3.311409382475438292e+02
1.327500000000000000e+02,4.622598726756055498e+01,4.651378892709310264e+01,3.309989408320690245e+02
1.330000000000000000e+02,4.618422664317459692e+01,4.647160531425534202e+01,3.308571520122309266e+02
1.332500000000000000e+02,4.614255292952599063e+01,4.642950902921702294e+01,3.307155715825510924e+02
1.335000000000000000e+02,4.610096594573917628e+01,4.638749989109096816e+01,3.305741993375590937e+02
1.337500000000000000e+02,4.605946551131502531e+01,4.634557771937021897e+01,3.304330350717901865e+02
1.340000000000000000e+02,4.601805144613007315e+01,4.630374233392645777e+01,3.302920785797834355e+02
1.342500000000000000e+02,4.597672357043568070e+01,4.626199355500897781e+01,3.301513296560804065e+02
1.345000000000000000e+02,4.593548170485734516e+01,4.622033120324314126e+01,3.300107880952235746e+02
1.347500000000000000e+02,4.589432567039384026e+01,4.617875509962946268e+01,3.298704536917555856e+02
1.350000000000000000e+02,4.585325528841649145e+01,4.613726506554229445e+01,3.297303262402181190e+02
1.352500000000000000e+02,4.581227038066835178e+01,4.609586092272905944e+01,3.295904055351514330e+02
1.355000000000000000e+02,4.577137076926346992e+01,4.605454249330888672e+01,3.294506913710936260e+02
1.357500000000000000e+02,4.573055627668612999e+01,4.601330959977195079e+01,3.293111835425802951e+02
1.360000000000000000e+02,4.568982672579001303e+01,4.597216206497827784e+01,3.291718818441440817e+02
1.362500000000000000e+02,4.564918193979750072e+01,4.593109971215702103e+01,3.290327860703145575e+02
1.365000000000000000e+02,4.560862174229885113e+01,4.589012236490550833e+01,3.288938960156179405e+02
1.367500000000000000e+02,4.556814595725150241e+01,4.584922984718825489e+01,3.287552114745769813e+02
1.370000000000000000e+02,4.552775440897922010e+01,4.580874444057082684e+01,3.286167322417109631e+02
1.372500000000000000e+02,4.548744692217141505e+01,4.576797204381079354e+01,3.284782992492453673e+02
1.375000000000000000e+02,4.544722332188231917e+01,4.572729111544677494e+01,3.283400953000506775e+02
1.377500000000000000e+02,4.540708343353028908e+01,4.568670043010329351e+01,3.282021166588271512e+02
1.380000000000000000e+02,4.536702708289698194e+01,4.564619891741629232e+01,3.280643601079609653e+02
1.382500000000000000e+02,4.532705409612665193e+01,4.560578563919332140e+01,3.279268228713347639e+02
1.385000000000000000e+02,4.528716429972537583e+01,4.556545976995842295e+01,3.277895025493905905e+02
1.387500000000000000e+02,4.524735752056028559e+01,4.552522058037845909e+01,3.276523970637769025e+02
1.390000000000000000e+02,4.520763358585883651e+01,4.548506742314223317e+01,3.275155046101606899e+02
1.392500000000000000e+02,4.516799232320806823e+01,4.544499972092879148e+01,3.273788236179959199e+02
1.395000000000000000e+02,4.512843356055381605e+01,4.540501695615424183e+01,3.272423527162191590e+02
1.397500000000000000e+02,4.508895712620000040e+01,4.536511866223300871e+01,3.271060907039962444e+02
1.400000000000000000e+02,4.504956284880787365e+01,4.532530441612994565e+01,3.269700365257736507e+02
1.402500000000000000e+02,4.501025055739526692e+01,4.528557383201099640e+01,3.268341892499990422e+02
1.405000000000000000e+02,4.497102008133585116e+01,4.524592655583049350e+01,3.266985480509693502e+02
1.407500000000000000e+02,4.493187125035840523e+01,4.520636226071561481e+01,3.265631121933451482e+02
1.410000000000000000e+02,4.489280389454606279e+01,4.516688064303144756e+01,3.264278810189386490e+02
1.412500000000000000e+02,4.485381784433558039e+01,4.512748141902449106e+01,3.262928539354397799e+02
1.415000000000000000e+02,4.481491293051661984e+01,4.508816432196029922e+01,3.261580304067956035e+02
1.417500000000000000e+02,4.477608898423098083e+01,4.504892909968189230e+01,3.260234099449996279e+02
1.420000000000000000e+02,4.473734583697189748e+01,4.500977551252670139e+01,3.258889921030833534e+02
1.422500000000000000e+02,4.469868332058328519e+01,4.497070333154950106e+01,3.257547764691341285e+02
1.425000000000000000e+02,4.466010126725900875e+01,4.493171233700605427e+01,3.256207626611877117e+02
1.427500000000000000e+02,4.462159950954220733e+01,4.489280231705890856e+01,3.254869503228678127e+02
1.430000000000000000e+02,4.458317788032447027e+01,4.485397306667330497e+01,3.253533391196626781e+02
1.432500000000000000e+02,4.454483621284521178e+01,4.481522438667413155e+01,3.252199287357454978e+02
1.435000000000000000e+02,4.450657434069087515e+01,4.477655608294136158e+01,3.250867188712587676e+02
1.437500000000000000e+02,4.446839209779423641e+01,4.473796796572289480e+01,3.249537092399949643e+02
1.440000000000000000e+02,4.443028931843372220e+01,4.469945984904790492e+01,3.248208995674151538e+02
1.442500000000000000e+02,4.439226583723261399e+01,4.466103155022584303e+01,3.246882895889564793e+02
1.445000000000000000e+02,4.435432148915836592e+01,4.462268288941834271e+01,3.245558790485858935e+02
1.447500000000000000e+02,4.431645610952193692e+01,4.458441368927385184e+01,3.244236676975646105e+02
1.450000000000000000e+02,4.427866953397697358e+01,4.454622377461521410e+01,3.242916552933921821e+02
1.452500000000000000e+02,4.424096159851919907e+01,4.450811297217281037e+01,3.241598415989041087e+02
1.455000000000000000e+02,4.420333213948563156e+01,4.447008111035651723e+01,3.240282263815005876e+02
1.457500000000000000e+02,4.416578099355391629e+01,4.443212801906071974e+01,3.238968094124871300e+02
1.460000000000000000e+02,4.412830799774158663e+01,4.439425352949753290e+01,3.237655904665111279e+02
1.462500000000000000e+02,4.409091298940536774e+01,4.435645747405462203e+01,3.236345693210801073e+02
1.465000000000000000e+02,4.405359580624048021e+01,4.431873968617284731e+01,3.235037457561496694e+02
1.467500000000000000e+02,4.401635628627992247e+01,4.428110000024230430e+01,3.233731195537713461e+02
1.470000000000000000e+02,4.397919426789378150e+01,4.424353825151301578e+01,3.232426904977914432e+02
1.472500000000000000e+02,4.394210958978851522e+01,4.420605427601842763e+01,3.231124583735933129e+02
1.475000000000000000e+02,4.390510209100625616e+01,4.416864791051007444e+01,3.229824229678771985e+02
1.477500000000000000e+02,4.386817161092412221e+01,4.413131899240167400e+01,3.228525840684719128e+02
1.480000000000000000e+02,4.383131798925351319e+01,4.409406735972095248e+01,3.227229414641735161e+02
1.482500000000000000e+02,4.379454106603941455e+01,4.405689285106860353e+01,3.225934949446075848e+02
1.485000000000000000e+02,4.375784068165972229e+01,4.401979530558285347e+01,3.224642443001112042e+02
1.487500000000000000e+02,4.372121667682448987e+01,4.398277456290939114e+01,3.223351893216321855e+02
1.490000000000000000e+02,4.368466889257533126e+01,4.394583046317521990e+01,3.222063298006427203e+02
1.492500000000000000e+02,4.364819717028463231e+01,4.390896284696633245e+01,3.220776655290656549e+02
1.495000000000000000e+02,4.361180135165494676e+01,4.387217155530841239e+01,3.219491962992111667e+02
1.497500000000000000e+02,4.357548127871824306e+01,4.383545642965047051e+01,3.218209219037229900e+02
1.500000000000000000e+02,4.353923679383525780e+01,4.379881731185054150e+01,3.216928421355319756e+02
1.502500000000000000e+02,4.350306773969480645e+01,4.376225404416312870e+01,3.215649567878166977e+02
1.505000000000000000e+02,4.346697395931308705e+01,4.372576646922904331e+01,3.214372656539696891e+02
1.507500000000000000e+02,4.343095529603301941e+01,4.368935443006574104e+01,3.213097685275683943e+02
1.510000000000000000e+02,4.339501159352353454e+01,4.365333792580041461e+01,3.211824652023506133e+02
1.512500000000000000e+02,4.335914269577892810e+01,4.361702833712536176e+01,3.210551977437607434e+02
1.515000000000000000e+02,4.332334844711815691e+01,4.358080063361521184e+01,3.209281473966602789e+02
1.517500000000000000e+02,4.328762869218418530e+01,4.354465369141562547e+01,3.208013105961100564e+02
1.520000000000000000e+02,4.325198327594330294e+01,4.350858652500140522e+01,3.206746842543123535e+02
1.522500000000000000e+02,4.321641204368444278e+01,4.347259826744319611e+01,3.205482656926207028e+02
1.525000000000000000e+02,4.318091484101852018e+01,4.343668815350584822e+01,3.204220525832712383e+02
1.527500000000000000e+02,4.314549151387775794e+01,4.340085550516953816e+01,3.202960428994404651e+02
1.530000000000000000e+02,4.311014190851501837e+01,4.336509971922597373e+01,3.201702348724359695e+02
1.532500000000000000e+02,4.307486587150314961e+01,4.332942025665097674e+01,3.200446269549975113e+02
1.535000000000000000e+02,4.303966324973428925e+01,4.329381663349808917e+01,3.199192177898337377e+02
1.537500000000000000e+02,4.300453389041923202e+01,4.325828841309483153e+01,3.197940061826447504e+02
1.540000000000000000e+02,4.296947764108673340e+01,4.322283519935461982e+01,3.196689910789889950e+02
1.542500000000000000e+02,4.293449434958288435e+01,4.318745663104434129e+01,3.195441715444449073e+02
1.545000000000000000e+02,4.289958386407042923e+01,4.315215237687056060e+01,3.194195467475961436e+02
1.547500000000000000e+02,4.286474603302810493e+01,4.311692213126683981e+01,3.192951159454376011e+02
1.550000000000000000e+02,4.282998070524999434e+01,4.308176561078214206e+01,3.191708784708562234e+02
1.552500000000000000e+02,4.279528772984487262e+01,4.304668255098388840e+01,3.190468337218911188e+02
1.555000000000000000e+02,4.276066695623551084e+01,4.301167270380234697e+01,3.189229811525188438e+02
1.557500000000000000e+02,4.272611823415810761e+01,4.297673583525305219e+01,3.187993202647467115e+02
1.560000000000000000e+02,4.269164141366154297e+01,4.294187172348350856e+01,3.186758506018280741e+02
1.562500000000000000e+02,4.265723634510678153e+01,4.290708015709735434e+01,3.185525717424392269e+02
1.565000000000000000e+02,4.262290287916623299e+01,4.287236093371699042e+01,3.184294832956820187e+02
1.567500000000000000e+02,4.258864086682304873e+01,4.283771385875034809e+01,3.183065848967939928e+02
1.570000000000000000e+02,4.255445015937052489e+01,4.280313874433240073e+01,3.181838762034657861e+02
1.572500000000000000e+02,4.252033060841144874e+01,4.276863540841738143e+01,3.180613568926799530e+02
1.575000000000000000e+02,4.248628206585742362e+01,4.273420367399911868e+01,3.179390266579962372e+02
1.577500000000000000e+02,4.245230438392827921e+01,4.269984336844226647e+01,3.178168852072211621e+02
1.580000000000000000e+02,4.241839741515137518e+01,4.266555432290799388e+01,3.176949322604064037e+02
1.582500000000000000e+02,4.238456101236100437e+01,4.263133637186100344e+01,3.175731675481300158e+02
1.585000000000000000e+02,4.235079502869770351e+01,4.259718935264615425e+01,3.174515908100199226e+02
1.587500000000000000e+02,4.231709931760770615e+01,4.256311310512514012e+01,3.173302017934860828e+02
1.590000000000000000e+02,4.228347373284218236e+01,4.252910747136407821e+01,3.172090002526309718e+02
1.592500000000000000e+02,4.224991812845671291e+01,4.249517229536547802e+01,3.170879859473138822e+02
1.595000000000000000e+02,4.221643235881060718e+01,4.246130742283782666e+01,3.169671586423468170e+02
1.597500000000000000e+02,4.218301627856625657e+01,4.242751270099767424e+01,3.168465181068037282e+02
1.600000000000000000e+02,4.214966974268855182e+01,4.239378797839954416e+01,3.167260641134268440e+02
1.602500000000000000e+02,4.211639260644420801e+01,4.236013310478973182e+01,3.166057964381165561e+02
1.605000000000000000e+02,4.208318472540115351e+01,4.232654793098060964e+01,3.164857148594929299e+02
1.607500000000000000e+02,4.205004595542791179e+01,4.229334857578653839e+01,3.163658191585189456e+02
1.610000000000000000e+02,4.201697615269296193e+01,4.225985422368203359e+01,3.162459533055554743e+02
1.612500000000000000e+02,4.198397517366412046e+01,4.222643580521399542e+01,3.161262966117545261e+02
1.615000000000000000e+02,4.195104287510793029e+01,4.219309224615226839e+01,3.160068455743265190e+02
1.617500000000000000e+02,4.191817911408899988e+01,4.215982260244818747e+01,3.158875971491482915e+02
1.620000000000000000e+02,4.188538374796944197e+01,4.212662604205275585e+01,3.157685486867743521e+02
1.622500000000000000e+02,4.185265663440819139e+01,4.209350182928833561e+01,3.156496978774056288e+02
1.625000000000000000e+02,4.181999763136044379e+01,4.206044931141403964e+01,3.155310427035570910e+02
1.627500000000000000e+02,4.178740659707700189e+01,4.202746790707571023e+01,3.154125813993441056e+02
1.630000000000000000e+02,4.175488339010366445e+01,4.199455709637546619e+01,3.152943124154584780e+02
1.632500000000000000e+02,4.172242786928064362e+01,4.196171641233254235e+01,3.151762343890367220e+02
1.635000000000000000e+02,4.169003989374188990e+01,4.192894543354025672e+01,3.150583461177347999e+02
1.637500000000000000e+02,4.165771932291455926e+01,4.189624377785081322e+01,3.149406465374203208e+02
1.640000000000000000e+02,4.162546601651833811e+01,4.186361109694349381e+01,3.148231347029754943e+02
1.642500000000000000e+02,4.159327983456487488e+01,4.183104707165237102e+01,3.147058097717760461e+02
1.645000000000000000e+02,4.156116063735714050e+01,4.179855140794710877e+01,3.145886709894717228e+02
1.647500000000000000e+02,4.152910828548885291e+01,4.176612383347465851e+01,3.144717176777462555e+02
1.650000000000000000e+02,4.149712263984384464e+01,4.173376409458438019e+01,3.143549492237812046e+02
1.652500000000000000e+02,4.146520356159548726e+01,4.170147195376752336e+01,3.142383650711848304e+02
1.655000000000000000e+02,4.143335091220605193e+01,4.166924718745407574e+01,3.141219647121822618e+02
1.657500000000000000e+02,4.140156455342615516e+01,4.163708958411669414e+01,3.140057476808908064e+02
1.660000000000000000e+02,4.136984434729411220e+01,4.160499894263847409e+01,3.138897135475290270e+02
1.662500000000000000e+02,4.133819015613536862e+01,4.157297507090792976e+01,3.137738619134295277e+02
1.665000000000000000e+02,4.130660184256189638e+01,4.154101778460973549e+01,3.136581924067440355e+02
1.667500000000000000e+02,4.127507926947158978e+01,4.150912690618328327e+01,3.135427046787434620e+02
1.670000000000000000e+02,4.124362230004766872e+01,4.147730226392595654e+01,3.134273984006311480e+02
1.672500000000000000e+02,4.121223079775811016e+01,4.144585695108616363e+01,3.133122732607972125e+02
1.675000000000000000e+02,4.118090462635501581e+01,4.141411486758168081e+01,3.131971746313539029e+02
1.677500000000000000e+02,4.114964364987405077e+01,4.138244529944039840e+01,3.130822809058229268e+02
1.680000000000000000e+02,4.111844773263385378e+01,4.135084716320610454e+01,3.129675884777042256e+02
1.682500000000000000e+02,4.108731673923541905e+01,4.131931950616619531e+01,3.128530942074299901e+02
1.685000000000000000e+02,4.105625053456154205e+01,4.128786148833329861e+01,3.127387953580914655e+02
1.687500000000000000e+02,4.102524898377621554e+01,4.125647236692316255e+01,3.126246895400422545e+02
1.690000000000000000e+02,4.099431195232405400e+01,4.122515148298243304e+01,3.125107746631488226e+02
1.692500000000000000e+02,4.096343930592969684e+01,4.119389824986684090e+01,3.123970488956282452e+02
1.695000000000000000e+02,4.093263091059722569e+01,4.116271214331371908e+01,3.122835106285624533e+02
1.697500000000000000e+02,4.090188663260961022e+01,4.113159269288657072e+01,3.121701584453027749e+02
1.700000000000000000e+02,4.087120633852808993e+01,4.110053947460232848e+01,3.120569910950893018e+02
1.702500000000000000e+02,4.084058989519161997e+01,4.106955210457652328e+01,3.119440074703021537e+02
1.705000000000000000e+02,4.081003716971628137e+01,4.103863023354584527e+01,3.118312065868432228e+02
1.707500000000000000e+02,4.077954802949471969e+01,4.100777354214649506e+01,3.117185875672162183e+02
1.710000000000000000e+02,4.074912234219553397e+01,4.097698173684329248e+01,3.116061496259326304e+02
1.712500000000000000e+02,4.071875997576275097e+01,4.094625454642010709e+01,3.114938920569227321e+02
1.715000000000000000e+02,4.068846079841522112e+01,4.091590320273398618e+01,3.113818142226757573e+02
1.717500000000000000e+02,4.065822467864604306e+01,4.088525212270326392e+01,3.112697620887795438e+02
1.720000000000000000e+02,4.062805148522201648e+01,4.085467206675218677e+01,3.111579143898607072e+02
1.722500000000000000e+02,4.059794108718305239e+01,4.082416185799547037e+01,3.110462671364766152e+02
1.725000000000000000e+02,4.056789335384161177e+01,4.079372046259799589e+01,3.109348168544717623e+02
1.727500000000000000e+02,4.053790815478213005e+01,4.076334697021933096e+01,3.108235605146367675e+02
1.730000000000000000e+02,4.050798535986048421e+01,4.073304057714540249e+01,3.107124954720013079e+02
1.732500000000000000e+02,4.047812483920337456e+01,4.070280057173664545e+01,3.106016194134369925e+02
1.735000000000000000e+02,4.044832646320779190e+01,4.067262632187315319e+01,3.104909303124293842e+02
1.737500000000000000e+02,4.041859010254047746e+01,4.064251726412239663e+01,3.103804263900348133e+02
1.740000000000000000e+02,4.038891562813731184e+01,4.061247289439219799e+01,3.102701060811735942e+02
1.742500000000000000e+02,4.035930291120278213e+01,4.058280369565044765e+01,3.101599680055280146e+02
1.745000000000000000e+02,4.032975182320942764e+01,4.055282972005314690e+01,3.100498577562987634e+02
1.747500000000000000e+02,4.030026223589727152e+01,4.052292700451164364e+01,3.099399558475438994e+02
1.750000000000000000e+02,4.027083402127327361e+01,4.049309415511796573e+01,3.098302574711945567e+02
1.752500000000000000e+02,4.024146705161075488e+01,4.046332995018248369e+01,3.097207584428495011e+02
1.755000000000000000e+02,4.021216119944885747e+01,4.043363331680039607e+01,3.096114551170610412e+02
1.757500000000000000e+02,4.018291633759200465e+01,4.040400331062154748e+01,3.095023443141652706e+02
1.760000000000000000e+02,4.015373233910933237e+01,4.037475261032614782e+01,3.093934232570791210e+02
1.762500000000000000e+02,4.012460907733412796e+01,4.034518681479600843e+01,3.092845350614132940e+02
1.765000000000000000e+02,4.009554642586329010e+01,4.031569442607808895e+01,3.091758648851256339e+02
1.767500000000000000e+02,4.006654425855681012e+01,4.028627364512153974e+01,3.090674064238684196e+02
1.770000000000000000e+02,4.003760244953716807e+01,4.025692289978000815e+01,3.089591541974727420e+02
1.772500000000000000e+02,4.000872087318883530e+01,4.022793965777220393e+01,3.088511034382908633e+02
1.775000000000000000e+02,3.997989940415769183e+01,4.019864673430967628e+01,3.087431027658732319e+02
1.777500000000000000e+02,3.995113791735052189e+01,4.016943078757080343e+01,3.086353343609399076e+02
1.780000000000000000e+02,3.992243628793443833e+01,4.014057807999103744e+01,3.085277898509538090e+02
1.782500000000000000e+02,3.989379439133634264e+01,4.011141089997981624e+01,3.084203197713742952e+02
1.785000000000000000e+02,3.986521210324241338e+01,4.008259306124620736e+01,3.083131084787501663e+02
1.787500000000000000e+02,3.983668929959753058e+01,4.005373114009302782e+01,3.082060132328759892e+02
1.790000000000000000e+02,3.980822585660475710e+01,4.002500814459040868e+01,3.080990850571686792e+02
1.792500000000000000e+02,3.977982165072479859e+01,3.999479444963731822e+01,3.079922847530105514e+02
1.795000000000000000e+02,3.975147655867547059e+01,3.996616610105447620e+01,3.078863759145951917e+02
1.797500000000000000e+02,3.972319045743115851e+01,3.993756934556729732e+01,3.077806066257907105e+02
1.800000000000000000e+02,3.969496322422226342e+01,3.990922111031354547e+01,3.076749903843958691e+02
1.802500000000000000e+02,3.966679473653473309e+01,3.988097283417305050e+01,3.075694337560594249e+02
1.805000000000000000e+02,3.963868487210945091e+01,3.985245718203885446e+01,3.074639164364281214e+02
1.807500000000000000e+02,3.961063350894174562e+01,3.982436995245015510e+01,3.073585990328099911e+02
1.810000000000000000e+02,3.958264052528086552e+01,3.979599805884610220e+01,3.072532992991994547e+02
1.812500000000000000e+02,3.955470579962945976e+01,3.976768970839469830e+01,3.071481862399595570e+02
1.815000000000000000e+02,3.952682921074300282e+01,3.973978540673377324e+01,3.070432572513033165e+02
1.817500000000000000e+02,3.949901063762931130e+01,3.971159363158574251e+01,3.069383419156662853e+02
1.820000000000000000e+02,3.947124995954800397e+01,3.968346437980614638e+01,3.068336104423325423e+02
1.822500000000000000e+02,3.944354705600998301e+01,3.965539696686894189e+01,3.067290605510987689e+02
1.825000000000000000e+02,3.941590180677691535e+01,3.962739078408944948e+01,3.066246902396409268e+02
1.827500000000000000e+02,3.938831409186069976e+01,3.959978000676500898e+01,3.065204977462737475e+02
1.830000000000000000e+02,3.936078379152293394e+01,3.957187383866228458e+01,3.064163166148690038e+02
1.832500000000000000e+02,3.933331078627443844e+01,3.954403017646893659e+01,3.063123206590705649e+02
1.835000000000000000e+02,3.930589495687468116e+01,3.951624826103806498e+01,3.062085073117075922e+02
1.837500000000000000e+02,3.927853618433131544e+01,3.948852741895766627e+01,3.061048743208665428e+02
1.840000000000000000e+02,3.925123434989961879e+01,3.946086705109233606e+01,3.060014197077750850e+02
1.842500000000000000e+02,3.922398933508200969e+01,3.943326662266499483e+01,3.058981417303309627e+02
1.845000000000000000e+02,3.919680102162750757e+01,3.940604235270266287e+01,3.057950388515167788e+02
1.847500000000000000e+02,3.916966929153123544e+01,3.937853342467216322e+01,3.056919536870924503e+02
1.850000000000000000e+02,3.914259402703390833e+01,3.935108668972341661e+01,3.055890543535977599e+02
1.852500000000000000e+02,3.911557511062131454e+01,3.932370132419124076e+01,3.054863380293219848e+02
1.855000000000000000e+02,3.908861242502381117e+01,3.929637659863310972e+01,3.053838022404478352e+02
1.857500000000000000e+02,3.906170585321581257e+01,3.926911186528045050e+01,3.052814448147521489e+02
1.860000000000000000e+02,3.903485527841527869e+01,3.924190654717087057e+01,3.051792638414883641e+02
1.862500000000000000e+02,3.900806058408321064e+01,3.921476012873495165e+01,3.050772576366230737e+02
1.865000000000000000e+02,3.898132165392314619e+01,3.918767214764270790e+01,3.049754247127099802e+02
1.867500000000000000e+02,3.895463837188067657e+01,3.916064218774032213e+01,3.048737637527800644e+02
1.870000000000000000e+02,3.892801062214288521e+01,3.913366987293088073e+01,3.047722735877117657e+02
1.872500000000000000e+02,3.890143828913790713e+01,3.910675486187290772e+01,3.046709531766155123e+02
1.875000000000000000e+02,3.887492125753439609e+01,3.908020949775150399e+01,3.045698015898296944e+02
1.877500000000000000e+02,3.884845941224102717e+01,3.905337643257101377e+01,3.044686639613868806e+02
1.880000000000000000e+02,3.882205263840599940e+01,3.902660397790222646e+01,3.043677092187195967e+02
1.882500000000000000e+02,3.879570082141653131e+01,3.899989134177791072e+01,3.042669346329490168e+02
1.885000000000000000e+02,3.876940384689838481e+01,3.897323782208055576e+01,3.041663378089029379e+02
1.887500000000000000e+02,3.874316160071533943e+01,3.894664279464798540e+01,3.040659166409676004e+02
1.890000000000000000e+02,3.871697396896871624e+01,3.892010570296227456e+01,3.039656692747994384e+02
1.892500000000000000e+02,3.869084083799688045e+01,3.889362604921110034e+01,3.038655940741164727e+02
1.895000000000000000e+02,3.866476209437474409e+01,3.886720338653741180e+01,3.037656895918929081e+02
1.897500000000000000e+02,3.863873762491327568e+01,3.884083731231987002e+01,3.036659545453720739e+02
1.900000000000000000e+02,3.861276731665898865e+01,3.881452746234600681e+01,3.035663877943895272e+02
1.902500000000000000e+02,3.858685105689352213e+01,3.878827350575910771e+01,3.034669883225664648e+02
1.905000000000000000e+02,3.856098873313305120e+01,3.876207514067597515e+01,3.033677552209924784e+02
1.907500000000000000e+02,3.853518023312786767e+01,3.873593209038605778e+01,3.032686876740668822e+02
1.910000000000000000e+02,3.850942544486187558e+01,3.870984410005488030e+01,3.031697849472126336e+02
1.912500000000000000e+02,3.848372425655208673e+01,3.868381093386405212e+01,3.030710463762137010e+02
1.915000000000000000e+02,3.845807655664818014e+01,3.865783237253042159e+01,3.029724713579616378e+02
1.917500000000000000e+02,3.843248223383196915e+01,3.863190821115388474e+01,3.028740593424237773e+02
1.920000000000000000e+02,3.840694117701694665e+01,3.860603681669019238e+01,3.027758098256716153e+02
1.922500000000000000e+02,3.838145327534778062e+01,3.858022120450192460e+01,3.026777230535868739e+02
1.925000000000000000e+02,3.835601841819986646e+01,3.855477255706762918e+01,3.025797977318836729e+02
1.927500000000000000e+02,3.833063649517880833e+01,3.852902931385740004e+01,3.024818792041247661e+02
1.930000000000000000e+02,3.830530739611997859e+01,3.850334413815454582e+01,3.023841386849405239e+02
1.932500000000000000e+02,3.828003101108801332e+01,3.847771628538886546e+01,3.022865735910377225e+02
1.935000000000000000e+02,3.825480723037634334e+01,3.845214510027705046e+01,3.021891816517833718e+02
1.937500000000000000e+02,3.822963594450669689e+01,3.842662999773929755e+01,3.020919608653291561e+02
1.940000000000000000e+02,3.820451704422868033e+01,3.840117044735788454e+01,3.019949094641372653e+02
1.942500000000000000e+02,3.817945042051924531e+01,3.837576598189890120e+01,3.018980258881630334e+02
1.945000000000000000e+02,3.815443596458224107e+01,3.835041617859532437e+01,3.018013087538383274e+02
1.947500000000000000e+02,3.812947356784793840e+01,3.832512065761952158e+01,3.017047568322765301e+02
1.950000000000000000e+02,3.810456312197256068e+01,3.829987906981172330e+01,3.016083690282293333e+02
1.952500000000000000e+02,3.807970451883781493e+01,3.827469110268935282e+01,3.015121443650892274e+02
1.955000000000000000e+02,3.805489765055042994e+01,3.824955646900041728e+01,3.014160819669311309e+02
1.957500000000000000e+02,3.803014240944165891e+01,3.822447490511452628e+01,3.013201810461931132e+02
1.960000000000000000e+02,3.800543868806683179e+01,3.819944616795782366e+01,3.012244408921495165e+02
1.962500000000000000e+02,3.798078637920491474e+01,3.817447003235153602e+01,3.011288608608940081e+02
1.965000000000000000e+02,3.795618537585799146e+01,3.814954628869914899e+01,3.010334403666334993e+02
1.967500000000000000e+02,3.793163557125083685e+01,3.812467474204068907e+01,3.009381788741212631e+02
1.970000000000000000e+02,3.790713685883042672e+01,3.809985520591420993e+01,3.008430758915558272e+02
1.972500000000000000e+02,3.788268913226553281e+01,3.807508750765457251e+01,3.007481309665038225e+02
1.975000000000000000e+02,3.785829228544617564e+01,3.805037148236620226e+01,3.006533436792119574e+02
1.977500000000000000e+02,3.783394621248321954e+01,3.802570697300071600e+01,3.005587136388884346e+02
1.980000000000000000e+02,3.780965080770792497e+01,3.800109382936096125e+01,3.004642404799456017e+02
1.982500000000000000e+02,3.778540596567142984e+01,3.797653190723582384e+01,3.003699238587332161e+02
1.985000000000000000e+02,3.776121158114435872e+01,3.795202106764794081e+01,3.002757634506977524e+02
1.987500000000000000e+02,3.773706754911631833e+01,3.792756117619945400e+01,3.001817589479120443e+02
1.990000000000000000e+02,3.771297376479547125e+01,3.790315210250383871e+01,3.000879100569269440e+02
1.992500000000000000e+02,3.768893012360805983e+01,3.787879371969120257e+01,2.999942164969028795e+02
1.995000000000000000e+02,3.766493652119795854e+01,3.785448590397871271e+01,2.999006779979846442e+02
1.997500000000000000e+02,3.764099285342624057e+01,3.783022853429655186e+01,2.998072942998879284e+02
2.000000000000000000e+02,3.761709901637069464e+01,3.780602149196298711e+01,2.997140651506695121e+02
